id,name,alpha,hash_image
1,Canada,CA,4b650e5c4785025dee7bd65e3c5c527356717d7a1c0bfef5b4ada8ca1e9cbe17
2,USA,US,9b202ecbc6d45c6d8901d989a918878397a3eb9d00e8f48022fc051b19d21a1d
3,Germany,DE,6814ef46f686990cf4e946f966167b0507e1d642c44e51f61bffb0bba2d4672b
4,England,EN,69374b09b1681162ba2d6bba92d6a167ea5ca5921eb172eb173e999e3be5d8ba
5,San Marino,SM,6ff9250a7351ff2fa2f8c6872393edf6f5eb782c90256d65d87517d9c029ced2
6,Oman,OM,7469366c72362c3a23450fda3394230498dd7f0477025589044cfefd7ec9fa51
7,Morocco,MA,f0055891f09fff4839b344a4af5e0482696cab0e0bf307455661ba4056c787ee
8,Norway,NO,23794d91c53ae875c8e247d72561e35d9d06ee07c70c9e0dbcc977a6d161504a
9,Costa Rica,CR,c13539d1568999137c4e0354795cd37b649a19a855b77ce217e8e7b8e293a555
10,Armenia,AM,c8f48a68649d1cae147fb8afd54801e3e82622465c98ff1ee29075da2c201d78
11,Northern Ireland,NX,c8315ba869dce02079804d5ed704b4f45aacc315f82eb8b3d40619b8f56b6970
12,Tunisia,TN,57adf80633715e9a5a8353052012b0147136c304989a46f75aba8527544f631a
13,Ireland,IE,f078492902275dd3cfc4e676148aea2ee4f88b88e4886f6628d3bfdb6eb5df20
14,Russia,RU,f37e3358243de943a440832306e7fc074f1b2762c2fee812e8953cbd6b129a36
15,Egypt,EG,29fc5deef180ae86cde702484a18907a55a581dac8e5c2b3453985ec8a5b8578
16,Brazil,BR,bbaf8352442730e92c16c5ea6b0ff7cc595c24e02d8e8bfc5fea5a4e0bb0b46b
17,Netherlands,NL,4334ffcf78137d9c9d5866146d7f29a62735f232fc7239bd43332145e376bda3
18,Spain,ES,ce344a418127968f2bd07ada86c8cf3808eea524c399a02c0c2c0ebbe0f5467c
19,Scotland,SX,9a581e14467065a2d2f6b2f85e6eeadd90538cf54d483cfe92312fbc01b5d2d7
20,Switzerland,CH,6890c837e9a8e887d651f86fac63673ad336a440aa1ea81847dc493ca6894f65
21,Italy,IT,f415bf7b07a9b2c07029144aafb3c59d0187682ecd2b8c8ac911e742a38a5f36
22,Wales,WA,d8689b62711dced3f13e45048ffff01759c9f65cc55206b3e95c054826f7f596
23,South Korea,KR,fa34f97bf4bcb580fd7dab4cca45c67b9ac4fd4452e044a29eb3da8d11ac4a46
24,Romania,RO,0049aa51a630b7912728071542a064ffa7d385e0d14429bd59310a8347505815
25,Japan,JP,569ec6135d377e8ac326be2be2fd4cd8f3538fc3c23f33a89e81a4ed83671b7e
26,Australia,AU,86936315fce40c126916c0c980e24be16cd8fd390243c6740f58c62d08cea336
27,Andorra,AD,c7bf4bbdbcd88d9d7f7c7b299c94e9e52091af2fd2888ecf85a9d6a4160b4184
28,Malta,MT,409521f02c8b29bd4f76b832de53a56fb64ac90f85f6fdce1545f53c643b2219
29,,,e3b0c44298fc1c149afbf4c8996fb92427ae41e4649b934ca495991b7852b855
30,Algeria,DZ,4ff0e6fec1c4e4e3645dbb6bb703aeb733e5dad87a5879b433370e50c213ad3c
31,Hong Kong,HK,deb00b50f5619bdc04881c507456ea4d32c7f6760acc3f9c1ae60c722e738136
32,Mexico,MX,910e94a9ef93f71979c000d31c6a9f873c2f32ecb8283b955295e69a90ed42a4
33,Uruguay,UY,7074788ee6aa5a57fe0bd65fc78b648a23cdf30be20e77c741b7016f1d35fa8b
34,France,FR,501c26b2571a1f7fd72df8c21593874fc874c97145717470596895d1c22203f7
35,Qatar,QA,48947c06d09a212ca1dcfbdf5a63d18dde8c964dbc66eea033a363eee856de21
36,Argentina,AR,b1b7afa76db271451a1f3fff738ff21ed53cca91f7f580bb294193e9d2da31b4
37,Saudi Arabia,SA,360bf3a8254ab93fc69e84ce6640d78535a34f3cdc0b1bdacec6ccdd93726a79
38,Portugal,PT,169b032adf2ab80f3bdffbdf14358d9d72565fad7708f65c65cb4d7918a4ffb2
39,Greece,GR,dca9c14f74cccef65743c5cee8d709ef0fb00ccba9e87c1be6c410feaca32e71
40,Czech Republic,CZ,5bc94e9d4a97bbf5bb4bba6747440631dbb75ea4d7d78dd4a8d53e30f2b09b2f
41,Denmark,DK,23cb4f8ae6f35bfb8cda975872f600d5cbfd7e34f3d4933d3861949a689e2cd0
42,Belgium,BE,d5a79707c0bb522e0de814a42fc80baa78e3bec1267720418c8c4c019d53a1fa
43,Ecuador,EC,1b2fc8498d96e7b58559e39567d46787bdae06cf5898b8deb820bb519ce5b5bf
44,Colombia,CO,fc8842c641d9150647f928e6c294ce26dd51ecae5ba30b114a78ddedcd398815
45,Iraq,IQ,e6e28b6c2e8c80cd68a6d18c80d0eedc21c8fc666a2d36d57d55ca0bd1c14b43
46,Poland,PL,293650de072648b9e2790509d8109d0f34f655edfe0b20075b0eaf6a93e95646
47,Serbia,RS,667e1c97e3c6f471580a5caf2852f9f4f4f064e77a00d41f3802bdae5238690d
48,Kuwait,KW,3604f7b61595f87eaf57aad1965034991b682afb701b257a4de166428d8c0b3a
49,Peru,PE,294763754a8efd4c739d9f679bfca3ab510106f42ddb5dc0216ba8bc98ba3158
50,Cyprus,CY,d7d020dfbe9f25e7d9664fdf9f5c9dfbbd70ae076a7e7b858db1070717e8d52e
